CustomerID,FirstName,LastName,Email,Phone,Address,City,State,Country,ZipCode
1,scott,harris,carternicholas@hotmail.com,8982047741,"USS Walsh
FPO AA 40955",Masonton,Nevada,Azerbaijan,20201
2,sharon,willis,jbartlett@gmail.com,+1-539-422-2202x39285,"143 Holt Springs Suite 511
Coxfort, MS 68418",Marissafurt,Indiana,French Southern Territories,77532
3,nicholas,murillo,williamquinn@greer.biz,(373)914-4404x871,"624 Thomas Cliff Apt. 060
Rachelmouth, ME 44834",Lake Angela,Ohio,Guinea-Bissau,18956
4,jessica,howard,nicholascunningham@yahoo.com,(946)894-5217,"USCGC Camacho
FPO AA 58967",West Austin,Washington,Gabon,49806
5,holly,king,thomascarol@yahoo.com,973.944.6311,"2322 Bryan Ford Apt. 440
Hernandezton, NC 49357",Olsonfort,Washington,Solomon Islands,66003
6,traci,murphy,baileymichelle@holmes-lowery.org,(964)452-1714x385,"9237 Phillip Creek Suite 317
Lake Ericland, KS 07139",Darylville,New Mexico,Cyprus,50064
7,joy,cole,corey84@wilson.com,790.110.1161x4127,"28513 Alexander Gateway
Teresaside, MN 43691",Lake Erinmouth,Indiana,Solomon Islands,73468
8,brooke,gomez,anthonyroberson@gmail.com,874-040-3503x9500,"050 Garcia Rest Suite 775
Dawnhaven, CA 96697",North Joshua,Maryland,United States Virgin Islands,74962
9,dawn,jones,kimberly73@vasquez-clark.com,001-577-396-5377,"037 Mack Parks
Ambertown, LA 84437",Longburgh,Kansas,Algeria,77949
10,michael,allen,maxwellbrian@simpson.com,+1-985-036-8849x4989,"83374 Joseph Mill Suite 490
South Elizabethberg, PA 36028",Riveraland,Michigan,Cocos (Keeling) Islands,16087
11,whitney,martin,martinezchristine@yahoo.com,(157)800-7227x56023,"805 Katherine Meadows
South Charles, WV 53239",North Joseph,Idaho,Macao,48017
12,miguel,coffey,wendymata@jordan-parks.net,808.325.3453x6098,"52870 Michael Greens
Lake Anthonyton, IL 98492",Forbesland,Utah,Tunisia,12289
13,julie,jackson,judygray@barker.net,205.451.0221,"9707 Vincent Hollow Apt. 381
New Cindy, VT 35157",South Lisafurt,Iowa,Senegal,23108
14,ann,ashley,lholloway@flores-thornton.com,001-593-241-8003,"80072 Yvonne Corner
Danielstown, MT 03235",Whitechester,Virginia,Western Sahara,77335
15,amanda,taylor,cooperashley@gmail.com,887.994.3934,"23161 Rivera Mount Suite 686
Turnerhaven, PA 68260",East Patriciamouth,Louisiana,Romania,37410
16,nicholas,gibson,amandaruiz@brown-robinson.com,486-122-9401x16833,"494 Wolfe Junctions Suite 127
New Maryshire, FL 58688",Bridgesland,Alaska,Cayman Islands,69231
17,donald,keller,douglas60@gmail.com,(644)461-3854x931,"82845 Padilla Spurs
West Jamesville, VA 08661",Nealland,Maine,Algeria,85830
18,cody,hill,waltersheila@hotmail.com,001-138-440-1576x562,"073 Vaughn Gateway
Meyersborough, VA 64906",Hansenfort,Arkansas,United States Minor Outlying Islands,13204
19,kimberly,nelson,ortizjacob@hotmail.com,+1-166-717-5307x6964,"6209 Robin Squares Apt. 347
South Jamesville, MO 48447",Jeffreychester,Kansas,Seychelles,93715
20,kenneth,sharp,xboyd@thomas.com,4306087251,"65226 Larry Landing Apt. 946
Stephenside, NM 31714",Thomasside,Illinois,Northern Mariana Islands,37131
21,andre,harris,dylan18@yahoo.com,001-528-592-1714x6896,"858 Paul Groves Apt. 671
West Paulfurt, PA 81738",South Maxmouth,California,Estonia,55779
22,tracy,sparks,sarah95@hotmail.com,+1-038-198-6859,"USNV Andrews
FPO AA 46904",Alishaland,Wyoming,Thailand,75436
23,kathryn,oconnell,chelsea42@yahoo.com,001-379-974-0283x325,"184 Noble Lodge Apt. 152
Jasminetown, UT 57873",Christinehaven,Nebraska,Malaysia,37955
24,daniel,webster,rpugh@diaz-green.com,+1-166-530-3123x525,"643 Christopher Ferry
South Gary, WI 90083",Jamesberg,Virginia,Turkey,34687
25,jocelyn,lambert,logan87@reed-schneider.net,001-362-471-5965,"440 Derrick Extension Apt. 960
North Jennifer, AL 76882",Lake Edwardville,Wyoming,Maldives,96063
26,natalie,alvarez,steve56@moore.com,001-224-658-3380,"94068 Day Roads
New Micheleview, PA 20803",Gibsonfort,Kansas,Dominican Republic,42145
27,sara,woods,flawson@young.biz,373-222-3898x389,"50733 Tommy View Apt. 310
Melindaside, KS 25157",Sandraport,Iowa,Guinea,47135
28,cynthia,baldwin,garrettsimon@freeman-baker.info,(699)280-1953,"62277 Alexandra Cape Suite 379
New Terri, NJ 74617",West Josephland,Oregon,Congo,69830
29,scott,hawkins,pweber@hotmail.com,9626368407,"86514 Boyle Harbors Apt. 564
West Mark, CT 51007",East Lauratown,Vermont,Bermuda,11166
30,megan,thompson,monica59@yahoo.com,420-858-9668,"8691 William Street Apt. 131
Port Ericborough, HI 11707",North Laura,Florida,British Virgin Islands,7757
31,ashley,rowe,gjohnson@gmail.com,140.652.7399,"1656 James Unions
Port John, MS 20529",North Veronicaside,North Dakota,Kyrgyz Republic,95200
32,anthony,hardin,shane89@watkins.com,(589)189-9629,"89916 Miller Underpass Suite 462
Lake Keithmouth, LA 06291",Shawmouth,New Hampshire,Senegal,3117
33,katie,carter,aparker@yahoo.com,615.962.8310x947,"21376 Robin Vista Suite 973
Lake Teresaland, IA 08539",East Rogerton,Massachusetts,Poland,32132
34,mary,moore,johnosborn@hotmail.com,007-761-3742x6602,"3248 Justin Harbor Suite 808
Lake Lanceburgh, KY 85243",New Paul,Illinois,Jordan,49461
35,oscar,booth,jim82@king.com,108.702.7927x5010,"9839 Kristine Ramp Apt. 892
Alvaradoborough, MT 29065",Jamieport,Alaska,Lithuania,81430
36,mark,meza,scollins@rice.com,+1-764-376-5899x7359,"PSC 8052, Box 6148
APO AA 39321",Lake Ericville,South Dakota,Aruba,77682
37,kristy,durham,trobinson@yahoo.com,588-872-1340,"613 Smith Cliff
Prattland, NY 72162",East Christopherhaven,New Mexico,Finland,89217
38,tony,rodriguez,edwardortiz@smith.com,522-377-1453x3501,"6234 Curry View
Lake Taylorborough, CO 75057",South Samuelport,Connecticut,American Samoa,5419
39,debra,rose,kayladunn@gmail.com,794-463-2586,"54903 Susan Square
West Michael, SC 30136",Briannafurt,Oregon,Belize,93106
40,gwendolyn,pierce,jimsingleton@conner-evans.com,5821410266,"22648 Angela View
Port Timothyborough, UT 34173",Hinesport,Connecticut,Swaziland,15531
41,willie,thomas,ydillon@galvan-robinson.info,(687)181-3026x0014,"298 Joseph Prairie
Angelicaside, AR 71443",East Paulmouth,New Mexico,Georgia,75276
42,desiree,kaiser,davilalauren@yahoo.com,+1-380-461-0711x82281,"97362 Nathan Greens
New Cody, NH 63469",East Veronicastad,Pennsylvania,Malawi,59947
43,donna,carrillo,leachjimmy@yahoo.com,+1-623-855-2284x939,"5809 Elizabeth Forges
South Jason, TN 23510",Patrickmouth,Mississippi,Ethiopia,31087
44,michael,rogers,joseph05@stokes.net,(709)164-3281x769,"876 Rebecca Circle Apt. 894
Lake Melissaton, AL 72247",West Noah,North Dakota,Cyprus,2814
45,johnny,knight,bassandrew@gonzalez.biz,(023)678-0753,"4447 Michael Pass
East Susanland, DE 36368",Lake Kellychester,Michigan,Saudi Arabia,64334
46,david,martin,karenguerra@gmail.com,+1-780-363-8619x1881,"USCGC Henry
FPO AP 99042",Woodsborough,Hawaii,Nicaragua,36416
47,calvin,dunn,garciajoshua@gmail.com,917-198-4945x5191,"PSC 2469, Box 9414
APO AE 14108",Benjaminbury,Mississippi,Eritrea,79597
48,krista,white,nrussell@gmail.com,890.982.9124x80826,"Unit 1204 Box 1947
DPO AA 51989",Ronaldfurt,Kentucky,Mauritius,31198
49,kimberly,romero,barnesderrick@owens.net,617.731.3075x1378,"8338 Rebecca Courts Suite 992
South Samuel, MS 04925",South Stephanieville,North Carolina,Ecuador,8044
50,john,woods,nicole36@gmail.com,001-063-951-8471x390,"9397 Jason Track
Amyberg, AK 85141",New Barbara,Kentucky,Poland,98773
51,dawn,hayes,melissa54@dillon.com,659-456-0689x2275,"29970 Amanda Mountains Apt. 004
East Debra, OR 14932",Wilkinsonberg,Mississippi,Liechtenstein,28171
52,james,salas,smithjames@gonzalez.com,+1-365-408-9093,"1528 Danny Mill
Judithstad, OR 31312",Lake Michaelview,Florida,Papua New Guinea,68434
53,scott,ware,timothy20@goodman.com,(046)220-6026x8824,"46238 Chavez Garden Apt. 323
Frazierburgh, NY 19092",Lake Nicole,Pennsylvania,Christmas Island,26342
54,kenneth,williams,chad97@yahoo.com,352.031.9283,"74196 Melissa Drives
New Jacob, TN 34806",Griffinhaven,New York,Paraguay,23562
55,david,barrera,haynesmarcus@goodman.info,2944640203,"Unit 7672 Box 5387
DPO AP 69070",New Scott,Connecticut,Zimbabwe,14289
56,jessica,cunningham,moondylan@ruiz.biz,878-471-2754x712,"22540 Angela Square Apt. 147
Aliciaport, NJ 91365",New Alexander,Pennsylvania,Seychelles,37282
57,kristen,wright,perkinskevin@bowman.com,(139)761-3291x639,"91394 Contreras Station Suite 157
Knappburgh, ID 49450",New Linda,New York,Cape Verde,11597
58,john,garcia,gabriela79@yahoo.com,501-103-4583,"3100 Tyler Prairie Apt. 867
Michaelport, IA 51329",South Mistyport,Ohio,Bolivia,39043
59,diana,finley,gary07@anderson.biz,+1-376-497-4993x243,"01636 Orr Ridge
Port Colinborough, OR 52062",South Walterton,Vermont,Sweden,31983
60,tracey,salazar,christopher10@yahoo.com,761-896-1488,"10644 Watson Junctions
Jamesfurt, NY 01580",Jeffreyberg,Georgia,Bosnia and Herzegovina,5419
61,sheila,davis,myersjared@campbell-jimenez.com,+1-467-674-3833x350,"4815 John Summit Suite 703
North Jasonberg, WV 28803",West Tracie,New York,Tanzania,48352
62,justin,miller,judyallen@gmail.com,8108079166,"02663 Gomez Fall
Port Henry, IN 70306",Gibsonborough,Kentucky,Sweden,78563
63,jason,edwards,fmanning@gmail.com,8210558536,"8773 Owens Terrace Suite 157
Bensonview, SD 19142",North Jaime,Alaska,Ireland,40464
64,sandra,payne,christymurray@hotmail.com,760-620-9920x4084,"5945 Levine Drive Suite 501
East Bryan, UT 17892",East Marco,New Jersey,Kiribati,53858
65,angelica,turner,erica85@rush-miller.org,442.993.2293x920,"1726 Ryan Plains Apt. 748
Johnsonbury, AL 06066",Stanleymouth,Missouri,French Polynesia,88441
66,melissa,cantu,mashley@padilla.org,(260)925-7032,"04634 Anthony Mount Apt. 771
Brittneyfurt, DC 41572",Davidland,Hawaii,Korea,68471
67,brittany,smith,muellerjodi@valentine.com,781-715-1230x34805,"2035 Theresa Extension Suite 216
West Tammyside, TN 59280",South Brianstad,Iowa,Honduras,55311
68,karen,flores,williamsdustin@young.org,581-169-3479,"PSC 3502, Box 2847
APO AE 04101",Morganland,Kentucky,Croatia,58451
69,julian,johnson,tcurry@smith.com,001-571-675-8311x053,"05763 Dylan Mall Suite 133
Port Laurenside, RI 48633",Port Paulfort,Alabama,British Virgin Islands,85868
70,regina,conrad,ggonzalez@patterson-schwartz.com,763-098-8366x50647,"014 Christian Ridges Suite 345
Sheilaburgh, MN 02634",East Meganport,Michigan,Lao People's Democratic Republic,48959
71,jessica,smith,derekmendez@perez.biz,(731)667-2786x4036,"Unit 7071 Box 9147
DPO AA 17783",East Makaylaside,Hawaii,Saudi Arabia,82197
72,natasha,sampson,yluna@nguyen.net,(323)357-7198,"423 Watson Avenue Apt. 145
Lake Catherineburgh, WV 12293",Pruittbury,Maryland,South Georgia and the South Sandwich Islands,95329
73,bradley,calderon,roger88@valentine.net,7060880023,"9083 Perez Village Suite 567
Port Christinaland, MA 24421",Bethanyton,South Dakota,United States of America,70528
74,dennis,ramos,wholmes@yahoo.com,5305234845,"29325 Owens Radial
Johnsonshire, WY 86267",West Ellen,Alabama,Panama,63782
75,phillip,graves,umorgan@smith-miller.com,+1-109-251-0514x87760,"7626 Moore Street Apt. 088
Andrewhaven, WV 61550",South Jasonberg,Minnesota,French Polynesia,87625
76,amy,douglas,lydiacooke@yahoo.com,194-382-0265,"36553 Johnson Spring
Cassandraview, NC 04885",Megantown,Mississippi,Guyana,12976
77,dalton,cline,jennifersmith@allen-myers.com,840.132.7476x080,"22464 Andrea Mount Suite 779
Gonzalezville, MA 27061",Brownhaven,Texas,Niue,11789
78,barry,nelson,rbrown@moore-gonzales.com,8233551312,"56987 Olson Valleys
Seanport, TX 76565",New Ashleyshire,Oregon,Venezuela,19017
79,michelle,jones,whitejessica@parsons.com,+1-484-902-1169,"22564 Sutton Walk Apt. 628
Haynesstad, NH 69564",Michelleshire,Montana,Canada,82270
80,john,morris,karencarney@hotmail.com,086.130.5594x8651,"228 Michael Pine
Port Josephport, WY 38198",North Christopherhaven,Washington,Heard Island and McDonald Islands,75662
81,ian,frederick,joshua94@yahoo.com,227.361.5953x953,"4542 Bethany Club Apt. 990
Warrenchester, PA 78495",Jeremyside,Georgia,Jamaica,86469
82,john,reyes,abrown@yahoo.com,(551)222-7330x721,"5367 Smith Extension
Michellechester, NJ 49940",West Josechester,West Virginia,Guernsey,64494
83,jason,wise,hberg@yahoo.com,+1-217-613-4847x0133,"4176 Hart Squares Suite 204
Lake Richardville, FL 13360",North Ethanbury,Wisconsin,United States Minor Outlying Islands,55591
84,william,herrera,alyssa43@hotmail.com,5981785620,"1741 Stone Course
South Amyburgh, VT 44963",North Samuel,Montana,Nauru,39365
85,michael,smith,umorris@buckley.net,169-659-4850x515,"089 Higgins Canyon Apt. 369
Avilamouth, CT 95671",Westberg,Mississippi,Vietnam,82586
86,adam,gibson,christopherrobinson@nash-brown.info,0915374021,"75380 James Parkways Apt. 280
North Corey, ID 76594",Leblancshire,Iowa,Turks and Caicos Islands,22612
87,joseph,carter,zbarnes@mann.com,+1-131-778-6787,"116 Kenneth Mountains Apt. 083
Guerreroshire, GA 86464",Port Stacyborough,Connecticut,Turkmenistan,58161
88,brian,nixon,khayes@lam-hayes.com,(728)614-8038x68003,"45590 Jacqueline Passage Suite 540
Lisabury, MD 37161",Priceland,Kansas,Italy,51652
89,kevin,blankenship,charles32@palmer.com,894.252.6866x58353,"3569 Anthony Lake
New Misty, ND 66757",Rogersview,Wisconsin,Lithuania,67789
90,jerry,mitchell,michelle70@gmail.com,795-073-4452x637,"9403 Young Ports Suite 576
New Jasonhaven, NE 73073",Lake John,Massachusetts,Guernsey,40166
91,russell,medina,shaun64@yahoo.com,656-457-1731,"8543 Lopez Path
New Carlosfort, KY 95404",Lopezside,Colorado,Saint Martin,79031
92,carrie,miller,qpierce@hotmail.com,(304)732-3625,"6219 Kelly Squares Apt. 500
Wilsonbury, MO 99668",Jasonbury,Ohio,Namibia,72352
93,matthew,jones,nicholas42@maxwell.com,+1-747-297-2384,"82550 Ronald River Apt. 142
New Mary, CT 37124",New Kristifurt,Montana,Cote d'Ivoire,97901
94,connie,palmer,hreed@martinez-wood.net,773-568-7306x28278,"1772 Kristen Harbors
North Wendy, AZ 76980",Tylerside,Ohio,Congo,72507
95,kim,nunez,hansonwalter@gmail.com,+1-114-248-7634,"1520 Michael Via Apt. 938
Danielsmouth, MN 27845",South Alicia,Kansas,Mauritania,71917
96,nicole,anderson,vtorres@anderson.biz,871.698.1380x816,"225 Webster Springs
Chadhaven, FL 69976",Ramirezbury,Rhode Island,Nauru,8002
97,meagan,whitehead,antoniothompson@yahoo.com,001-052-035-5310x88003,"9824 Smith Plain Apt. 856
Natashahaven, VT 12592",New Micheal,Missouri,Belize,85132
98,bryan,mclaughlin,josephcrawford@gmail.com,001-353-316-5336x35480,"30937 Carlos Tunnel Suite 858
West Glennfort, HI 83435",New Sarah,South Dakota,Sudan,55207
99,anthony,gonzalez,sdavis@yahoo.com,944.351.7592x3257,"26979 Pham Radial
Mollychester, DC 93773",Maryton,Arizona,Jersey,21998
100,nicole,peterson,wjohnson@oneill.com,791.171.5944,"2443 Cross Harbor Apt. 524
Brownland, NJ 00800",Ashleyport,Massachusetts,Israel,35861
101,laurie,green,lgomez@moses-johnson.org,744.172.8974x98649,"86010 Holly Road Suite 170
New Kirstenmouth, OH 36498",Port Brandon,Missouri,Vanuatu,80270
102,rebecca,pearson,amanda14@hotmail.com,(205)587-7977x639,"4432 Nancy Island
South Joshua, IN 39221",Port Johnmouth,Michigan,Timor-Leste,46242
103,krista,leach,amckinney@yahoo.com,001-985-336-6656x27352,"USNV Lamb
FPO AE 48495",Jeffreymouth,Florida,Turkmenistan,2724
104,laura,montgomery,spencer47@yahoo.com,+1-978-502-1478x33176,"4355 Bowman Road Suite 566
South Heathertown, IA 59171",Amandaside,West Virginia,Bahrain,74113
105,natalie,holland,gregorytaylor@yahoo.com,+1-691-816-7985x3057,"5568 Raymond Pike Apt. 506
Lake Katelynland, IL 70654",Ortegaside,Vermont,Guinea-Bissau,49020
106,chelsey,rhodes,zavalastephanie@holland.com,(148)160-7190x309,"812 Rachel Club Suite 515
Jacquelinechester, MI 23385",Nathanielhaven,Montana,Bulgaria,14827
107,lauren,barrett,dixonjodi@gmail.com,+1-307-112-3797x87646,"511 Brenda Terrace
Port Christopherbury, NH 14700",New Justinside,South Carolina,Germany,60014
108,michael,martin,ramirezsharon@bell.com,312.635.8821x493,"650 Denise Well Suite 828
Marshallland, FL 74920",West Beth,Oregon,Taiwan,42487
109,michael,pierce,gomezwesley@pace.com,001-773-205-4900x8941,"74863 Tammy Mountains Apt. 735
Hugheshaven, UT 44092",New Larry,Missouri,Sri Lanka,59208
110,april,thomas,mackadrienne@bass-sharp.info,+1-566-151-3324x01046,"Unit 0465 Box 8995
DPO AE 68810",New Joshuaport,Wyoming,Poland,39013
111,jessica,richardson,grodriguez@martin.com,467.098.6981x751,"292 Rhodes Prairie Suite 505
East Ambershire, KS 84882",Lake Albertshire,Iowa,Indonesia,49409
112,justin,moody,michael75@yahoo.com,(677)349-9455x511,"2297 Washington Common Apt. 190
East Patriciachester, MA 08143",Port Kelly,Ohio,Turkey,61001
113,david,robertson,sanchezdavid@gmail.com,(534)705-3111x5092,"PSC 7694, Box 9830
APO AP 85133",Erichaven,South Dakota,Norfolk Island,1777
114,elizabeth,baker,banksmark@yahoo.com,(466)803-9372x7292,"Unit 5045 Box 8102
DPO AP 91854",East Jamestown,Kansas,United States of America,74152
115,joshua,torres,knorris@olson.com,812.928.8481,"492 Kevin Port
South Victoria, MT 83119",Port Michael,Colorado,Belarus,2194
116,andrew,garcia,monroewendy@gmail.com,628-051-6957x227,"260 Leslie Green Suite 906
West Jeffrey, NH 12987",Pamelaview,Oklahoma,Madagascar,34481
117,samantha,walsh,chardin@maxwell.com,+1-376-309-0946,"5328 Vanessa Flat
North Kevinview, IL 80295",Natashastad,Vermont,Costa Rica,39569
118,christopher,ramirez,hernandezdaniel@jones-pacheco.info,+1-190-309-9267x927,"10958 Brian Forge Apt. 600
Lake Jenny, AZ 50432",Garciachester,Georgia,Falkland Islands (Malvinas),57972
119,troy,lewis,mackenzie71@stewart.com,(339)515-6246x67010,"7585 Kari Key
East Shannon, NV 16440",West Jenniferland,Michigan,Mozambique,77368
120,deborah,meyers,monicadelgado@hotmail.com,737.599.9165x62347,"12527 Lewis Square Apt. 970
North Angela, CT 21286",Danielsview,California,Malawi,83550
121,david,rivera,sparkssamantha@yahoo.com,(762)190-6072,"Unit 8966 Box 1002
DPO AP 53788",North Jamesstad,Connecticut,Mongolia,14683
122,john,castro,lwatson@brown-wright.com,+1-007-420-2868x31712,"7239 Wilson Burg Suite 318
Tammyshire, WI 98031",East Keithport,Nevada,Niue,45275
123,shannon,hall,perezjulie@brady.com,(925)628-5169,"9753 Robert Garden Apt. 813
East Michelleview, SC 86240",West Justinbury,Idaho,Jamaica,32080
124,patricia,wolfe,kimberlyhardy@hotmail.com,011-319-6153,"321 Joseph Road Suite 171
South Jennifer, MI 92533",North Adambury,Minnesota,Antarctica (the territory South of 60 deg S),40526
125,andrew,cook,amber21@roberts-stafford.com,7584570851,"50934 Brock Locks
Vanessaview, HI 08714",Stewartfurt,Indiana,Brazil,63037
126,gabrielle,rhodes,pmorris@rich-jackson.com,+1-950-556-1050,"546 Romero Ramp
Port James, NV 74866",West Davidview,Texas,Belarus,62956
127,charles,williams,jonathan49@hotmail.com,001-466-190-8246x763,"8120 Ryan Crescent
Walkerstad, GA 11812",East Robertberg,Texas,Burkina Faso,69253
128,justin,cannon,ivaldez@gonzalez-clark.net,(049)969-3596,"648 Robinson Inlet
Garciaville, IA 74966",West Christopherville,Oregon,Anguilla,79723
129,darrell,meyer,beasleymary@neal.com,235-593-3468x63224,"02268 Kelsey Freeway Apt. 180
Lake Derekmouth, NC 28067",East Markfurt,New Jersey,Christmas Island,11964
130,thomas,murphy,tyoung@gmail.com,001-521-696-4852x45969,"17055 Wright Lights Suite 663
Martinezchester, GA 92143",Caseyfort,Maine,Venezuela,28443
131,brian,walls,khernandez@yahoo.com,+1-816-615-2495x347,"06906 Johnson Streets
South Julie, MS 41727",Port Kathyside,Virginia,Niger,65426
132,christy,foster,petersmaria@yahoo.com,001-455-776-3466x45903,"670 Leah Orchard
Dawnton, VT 17818",West Nicholas,North Dakota,Bulgaria,49299
133,steven,garcia,mary14@yahoo.com,487.970.6603x851,"168 Rivera Stream
Thomasport, OH 78306",East Bridgetmouth,New York,Uganda,37780
134,robert,rodriguez,david56@yahoo.com,784-399-6372x50798,"PSC 8296, Box 7551
APO AE 95309",Kellyville,Minnesota,Senegal,89366
135,ellen,morton,burnsnicole@shelton-jackson.info,001-958-496-6022x15523,"8617 Meyer Forge Apt. 159
Lauraberg, NV 79009",East Matthewbury,New Mexico,Denmark,21453
136,robert,gray,michaelyoung@gmail.com,(254)924-0713,"584 Callahan Key
Kellyfurt, NV 81560",South Brettfurt,Louisiana,Croatia,38596
137,kelsey,warner,aliceconway@yates.com,001-770-458-6246x8649,"861 Clark Terrace Apt. 490
Thomasberg, OR 06236",East Gabrielle,Mississippi,Hungary,34234
138,sandra,schmidt,marissa82@diaz.com,+1-971-931-1499x035,"650 Love Village
Scottmouth, MA 06156",Parkermouth,Nevada,Mozambique,57347
139,rebecca,francis,ograham@torres.org,156-742-3486x1993,"51184 Weber Ranch Suite 259
East Daniel, SC 63375",North Ruthchester,Illinois,Ukraine,31734
140,walter,clements,fredwilliams@hotmail.com,020-059-8603x89205,"2929 Robert Summit Apt. 399
North Sue, UT 01893",West Karen,Wyoming,Estonia,80252
141,april,mckenzie,hschaefer@contreras-huffman.biz,112.159.1459x0724,"537 Melinda Fort Apt. 535
Theresaborough, WA 49616",Fergusonfort,Indiana,Gambia,2382
142,adrian,lawson,matthew73@morris.org,+1-622-911-5688,"2383 Hunt Port Apt. 544
South Linda, IA 02401",East Thomasfurt,Idaho,Gambia,35600
143,jason,young,joshua71@lee-blake.net,001-907-954-4502x634,"237 Jackson Ferry
Paulashire, MN 52853",Peterville,New Hampshire,Turkmenistan,35924
144,carol,gould,xunderwood@hotmail.com,+1-826-636-6283x2917,"696 Prince Mountains
East David, CO 22899",Hunterburgh,Missouri,Saint Barthelemy,67068
145,christopher,huff,jacqueline18@cooper-swanson.net,668.628.7495,"82482 Marilyn Isle
North Eddie, VA 64382",New Jamesborough,Arkansas,Poland,55178
146,tammy,crawford,christopher61@oliver.com,854.007.1165x42313,"259 Alexandra Rapid Apt. 778
New Valerie, GA 90059",Markton,Ohio,Guyana,52392
147,mikayla,wang,jayroberts@gmail.com,(067)045-9161x2410,"396 David Rue Apt. 996
Lake Caleb, TN 16114",West Tony,Idaho,Mexico,53684
148,richard,stewart,lisabecker@blackwell.com,001-076-885-6184x4059,"3048 Jennifer Dale
Port Alicia, VA 76070",Lake Stacey,Georgia,Comoros,75482
149,jason,baker,larrythompson@yahoo.com,855-195-6538x283,"1556 Lambert Summit Apt. 531
Port Heather, HI 89141",Port Claytonton,Illinois,Guernsey,94175
150,daniel,fry,justin54@hotmail.com,(994)718-8484x020,"14973 Paige Motorway Suite 385
Haleberg, IL 72627",Laurenbury,Minnesota,Germany,4930
151,melissa,moore,steven98@watson-marquez.info,147.712.9090x324,"21403 Anderson Courts
Lake Elizabeth, IN 18919",Lake Jerry,Washington,Barbados,42088
152,gabrielle,hickman,clucas@long.com,944.179.7916x42625,"083 Jessica Green
Nathanielmouth, KS 79158",Lisafort,South Dakota,Qatar,54441
153,maria,baker,poolepatrick@yahoo.com,5897625562,"2576 Loretta Trail Apt. 970
Thompsonfurt, MD 14575",East Adrian,Arizona,Palau,93289
154,jerry,brown,nicholasdawson@warner.biz,681-506-6742x8984,"008 Amanda Rue Suite 139
North Jennifertown, RI 35132",North Erikamouth,Minnesota,United States of America,76318
155,joshua,russell,joseph98@floyd-dickerson.com,(433)736-7300x3186,"8394 Le Well
South Patricia, GA 58265",Rachelville,Florida,Timor-Leste,80522
156,robert,west,jessica16@martin.info,580.636.2887x78659,"64338 Shelley Views
Danielmouth, CO 35065",Gabriellebury,Montana,Guatemala,46307
157,helen,sullivan,zwoods@stewart-yang.com,001-324-940-2083x1832,"Unit 2882 Box 0664
DPO AA 85563",Penamouth,Oklahoma,Colombia,22481
158,amanda,garcia,tgolden@barnett-curtis.com,+1-924-747-6019x094,"99428 Butler Cliffs Apt. 906
Jillhaven, RI 17471",Lake Johnton,New York,Mauritius,57283
159,heather,miller,rhonda03@taylor.info,9374842330,"8049 Mccoy Forge
Sarahmouth, NV 18842",East Luis,California,Grenada,18036
160,sylvia,reynolds,amyodom@thompson.com,970.412.5502x4959,"8722 Miller Gardens
West William, MA 31981",Sotoville,Colorado,Belgium,76565
161,lori,jones,sellersalexa@phillips.com,226.136.3095x4342,"Unit 3810 Box 0560
DPO AP 80903",Larryfurt,Illinois,United States of America,97881
162,margaret,graham,andersonduane@todd.com,(806)465-1637,"9293 Serrano Rapid Apt. 270
East Timothy, ID 52990",Robertville,Ohio,Reunion,74365
163,marcia,may,leslie88@romero.com,2733851109,"14415 Julie Estate
Jameston, MA 39496",Lake Michelle,Nebraska,Gibraltar,54767
164,laura,hines,flowersjessica@montoya.org,643.196.1263,"529 Howard Stream Suite 383
Millerbury, WI 51706",Port Sara,New Hampshire,Thailand,4610
165,cheryl,sanchez,ramseyshannon@hotmail.com,001-737-044-9287x0233,"63749 Andrew Lake
North Amyview, HI 63569",South Gregorychester,Mississippi,Central African Republic,49081
166,madison,owen,angela48@johnson.com,(054)430-5618x490,"616 Dylan Views
Biancaview, CT 82929",Jameschester,South Dakota,Iran,29655
167,dan,glenn,nicole55@parker.biz,(594)023-6717x857,"117 John Lights
Newmanview, DC 83289",Harristown,Oregon,Lesotho,61342
168,frank,cantu,ericwoods@yahoo.com,+1-507-244-1270x4844,"2047 Combs Hills Suite 269
Rebeccahaven, PA 78463",West Michael,New York,Chile,48665
169,damon,morris,brittany65@barr-james.net,+1-302-319-3396x78714,"5806 Abigail Fork
South Justin, WI 34852",North Deborahberg,Washington,Eritrea,60378
170,rebecca,guerrero,diana02@harrell.net,(581)098-0388x035,"4854 Jenkins Islands Apt. 493
Stephenside, MT 70203",Lake Kathleen,Indiana,Zambia,81338
171,kenneth,huffman,nancy66@shaffer.com,525-839-1344x09594,"08087 Annette Ridges
West Pamela, ID 95228",Melissastad,Rhode Island,Afghanistan,84443
172,gabriel,adkins,tomprice@hotmail.com,001-830-480-3843,"72766 Harris Extension Suite 585
Maryfort, SD 32762",New Markfort,Washington,Uruguay,40268
173,christine,farmer,tammynorton@gmail.com,(862)154-9959x6529,"988 Harper Ranch
Lake Lawrence, NV 44584",New Brandon,Indiana,Aruba,68584
174,reginald,mclaughlin,adamsnicholas@yahoo.com,+1-547-661-5918,"8943 Paul Lodge Suite 887
South Barbarafurt, MN 69905",North Katherine,Massachusetts,Belize,29089
175,stephanie,bryan,kaitlyn35@gmail.com,(130)088-8510,"698 Sonya Forge Apt. 657
North Kathyville, AZ 84348",Williamside,Missouri,El Salvador,27479
176,kenneth,stone,stewartandrew@bartlett.com,379.527.3982,"85415 Carrie Trafficway
Thomasstad, OK 44777",Danielhaven,North Dakota,Kazakhstan,65421
177,rebecca,campbell,brandon35@yahoo.com,818.345.0268x67939,"17152 Warren Road
South Monicachester, KY 82955",East Mirandaborough,Ohio,Guam,30068
178,kristi,acosta,dunnerika@johnson.net,345.512.2022,"318 Donna Estates
South Pedro, GA 10694",Jennyburgh,Virginia,Egypt,95177
179,kaitlyn,bowers,hillmichael@park-castro.com,697.183.8380x3446,"583 Kelsey Terrace Apt. 454
Knightbury, GA 93440",East Melissaville,Nevada,Isle of Man,52621
180,sarah,stewart,kingmatthew@hotmail.com,001-095-320-0322,"7590 Simpson Terrace Suite 518
Codyfurt, MI 59697",West Carlosmouth,Oregon,Antarctica (the territory South of 60 deg S),85998
181,samuel,johnson,ahernandez@johnson.com,(575)893-3713,"PSC 1178, Box 6756
APO AE 25212",New Danielmouth,Rhode Island,Bolivia,7308
182,john,garcia,andrewmassey@allen.biz,1412732359,"5301 Dawn Vista
North Joshuastad, TX 82260",New Kyle,Connecticut,Korea,60447
183,anthony,hayes,andrew53@gmail.com,360.414.7122x9936,"839 Alexander Trail Suite 442
Mclaughlinton, CO 86994",Shepardstad,Pennsylvania,Guernsey,41253
184,david,clark,lindseygallagher@hotmail.com,364-283-0130x313,"46332 Garcia Lakes Apt. 694
South David, OH 57966",Kennethport,Louisiana,Georgia,47226
185,jacqueline,jenkins,campbellsuzanne@gmail.com,666-833-0918x33086,"1544 Elizabeth Vista Suite 099
South Brian, CO 91935",Port Jasmine,New York,Malaysia,63261
186,christina,crane,lgardner@austin-knight.com,(074)589-7817,"PSC 7933, Box 2418
APO AP 22073",Robertsonberg,Vermont,Azerbaijan,2494
187,april,martinez,chris33@parker.biz,(714)400-4901x294,"454 Heather Lodge Apt. 087
Thomasside, RI 78574",Nunezmouth,Georgia,Venezuela,60159
188,stephanie,guzman,parkerandrea@daniels.com,111-463-6291x215,"88398 Christopher Circles Suite 416
Lake Kathleen, SC 41738",West Natasha,Alabama,Cambodia,32838
189,christian,carpenter,sjimenez@gmail.com,844-596-4931,"25799 Paul Mount
Port Markport, SD 67951",Anthonyshire,Oklahoma,Nicaragua,70900
190,tammy,ortiz,emorales@collins.com,+1-310-891-2716x9301,"0177 Andrew Hollow
New William, SD 56697",Rodriguezburgh,Wyoming,Guinea-Bissau,13757
191,mark,owen,vmoyer@montgomery.biz,+1-737-800-5656x1841,"6388 Jason Squares Suite 994
East Samuel, CT 23533",Brianview,Maryland,France,9504
192,christine,scott,perkinsjorge@randall.info,001-295-422-1991x4750,"96650 Vargas Shore Apt. 714
West Travisbury, MA 48145",West Rodneybury,Nebraska,Palestinian Territory,62238
193,adam,matthews,valerie67@hotmail.com,4507279925,"64099 Donald Summit Apt. 790
New Stephenfort, ME 82422",New Matthew,Arkansas,Kazakhstan,98671
194,gina,lewis,richardsonkaitlyn@barker.org,(994)133-9100,"027 John Village
Castanedaberg, NH 17833",Elliottfort,Maine,Malta,60054
195,jared,baker,shelley23@hotmail.com,7868140590,"53028 Walker Isle
East Michealport, IN 15589",Ianberg,Iowa,Argentina,45631
196,christian,garcia,dakota58@lee.org,596.244.4918,"07765 Jeremy Throughway Apt. 972
Thompsonbury, NM 79049",Samuelmouth,Alabama,Northern Mariana Islands,59324
197,tammy,davis,aguilarrobert@gmail.com,147-443-0002x919,"8917 Mark Wells
South Johnmouth, KS 86999",Sandraberg,Maryland,Haiti,41604
198,kristina,carr,aaronbell@jenkins.com,+1-823-945-0338,"84016 Miller Wells
Dianeberg, MD 86296",South Mark,Virginia,Guatemala,17790
199,daniel,davis,maria71@parker.org,001-723-108-8357,"242 Karen Walks Suite 389
Port Edwardside, CT 99560",Nicolemouth,Hawaii,Wallis and Futuna,37447
200,kaitlin,everett,karen33@stuart.biz,434-292-3077x73291,"34642 Adams Villages
Fitzgeraldburgh, NM 33494",New Mary,South Dakota,Palau,81391
